Iphone,10,5,Alba querky,Security
Iphone,10,5,Alba querky,Phones
Iphone,34,5,Alba querky,Phones
Acer Computer,10,5,Alba querky,Computers
Acer Laptop,5,5,Alba querky,Computers
Iphone,10,5,Alba querky,Phones
Iphone,10,5,Alba querky,Phones
Iphone,10,5,Alba querky,Phones
Iphone,10,5,Alba querky,Phones
Iphone,10,5,Alba querky,Phones
TV,10,5,Ollda,Phones
Iphone,10,5,Alba querky,Phones
Iphone,10,5,Alba querky,Phones
Iphone,10,5,Alba querky,Phones
Iphone,10,5,Alba querky,Phones
Iphone,10,5,Alba querky,Phones
Iphone,10,5,Alba querky,Phones
Iphone,10,5,Alba querky,Phones
Iphone,10,5,Alba querky,Phones
Iphone,10,5,Alba querky,Phones
Iphone,10,5,Alba querky,Phones
Iphone,10,5,Danger,Uncategorized
Iphone,10,5,Alba querky,Phones
Iphone,10,5,Alba querky,Phones
Iphone,10,5,Alba querky,Phones
Iphone,10,5,Alba querky,Phones
Iphone,10,5,Alba querky,Phones
Iphone,10,5,Alba querky,Phones
Iphone,10,5,Alba querky,Phones
Iphone,10,5,Alba querky,Phones
Iphone,5,5,Alba querky,Components
Iphone,10,5,Alba querky,Phones
Iphone,10,5,Alba querky,Phones
Iphone,10,5,Alba querky,Phones
Iphone,10,5,Alba querky,Phones
Iphone,10,5,Alba querky,Phones
Iphone,10,5,Alba querky,Security
Iphone,50,5,Alba querky,Phones
Iphone,34,5,Alba querky,Phones
Acer Computer,10,5,Gay Land,Computers
Acer Laptop,5,5,Alba querky,Computers
Iphone,10,5,Alba querky,Phones
Iphone,10,5,Alba querky,Phones
Iphone,10,5,Alba querky,Phones
Iphone,10,5,Alba querky,Phones
Iphone,10,5,Alba querky,Phones
TV,10,5,Ollda,Phones
Iphone,10,5,Alba querky,Phones
Iphone,10,5,Alba querky,Phones
Iphone,10,5,Alba querky,Phones
Iphone,10,5,Alba querky,Phones
Iphone,10,5,Alba querky,Phones
Iphone,10,5,Alba querky,Phones
Iphone,10,5,Alba querky,Phones
Iphone,10,5,Alba querky,Phones
Iphone,10,5,Alba querky,Phones
Iphone,10,5,Alba querky,Phones
Iphone,10,5,Danger,Uncategorized
Iphone,10,5,Alba querky,Phones
Iphone,10,5,Alba querky,Phones
Iphone,10,5,Alba querky,Phones
Iphone,10,5,Alba querky,Phones
Iphone,10,5,Alba querky,Phones
Iphone,10,5,Alba querky,Phones
Iphone,10,5,Alba querky,Phones
Iphone,10,5,Alba querky,Phones
Iphone,5,5,Alba querky,Phones
Iphone,10,5,Alba querky,Phones
Iphone,10,5,Alba querky,Phones
Iphone,10,5,Alba querky,Phones
Iphone,10,5,Alba querky,Phones
Iphone,10,5,Alba querky,Phones
