Iphone,474,5,Alba querky,Costco,Phones
Iphone,13,5,Alba querky,Walmart,Phones
Iphone,68,5,Alba querky,Costco,Phones
Iphone,13,5,Alba querky,Costco,Phones
Iphone,72,5,Alba querky,Costco,Phones
Iphone,69,5,Alba querky,Amazon,Phones
Iphone,56,5,Alba querky,Costco,Phones
Iphone,1,5,Alba querky,,Phones
Iphone,56,5,Alba querky,Costco,Phones
Iphone,1,5,Alba querky,,Phones
Iphone,45,5,Alba querky,Costco,Phones
Iphone,1,5,Alba querky,,Phones
Iphone,56,5,Alba querky,Costco,Phones
Iphone,1,5,Alba querky,,Phones
Iphone,56,5,Alba querky,Costco,Phones
Iphone,1,5,Alba querky,,Phones
Iphone,56,5,Alba querky,Costco,Phones
Iphone,1,5,Alba querky,,Phones
Iphone,56,5,Alba querky,Costco,Phones
Iphone,1,5,Alba querky,,Phones
Iphone,56,5,Alba querky,Costco,Phones
Iphone,1,5,Alba querky,,Phones
Iphone,56,5,Alba querky,Costco,Phones
Iphone,6,5,Alba querky,,Phones
Iphone,56,5,Alba querky,Costco,Phones
Iphone,1,5,Alba querky,,Phones
Iphone,56,5,Alba querky,Costco,Phones
Iphone,1,5,Alba querky,,Phones
Iphone,1,5,Alba querky,,Phones
Fook,9,4,Pog,Costco,Monitors
